combo,label,uT_complexity,uT_equation,uT_test_mse,uR_complexity,uR_equation,uR_test_mse,closed_loop_result
1,SAC_seed0 / PySR seed0,16,(((dp * 0.5630806) + (sinL * g)) + (f * cosL)) / (-0.105466425 - square(dp)),0.173827,20,(((cosL * g) - ((f - 0.009400847) * sinL)) - 0.009400847) * ((1.3762375 - square(0.8186483 + dp)) / 0.15177922),0.114665,200/200
2,SAC_seed0 / PySR seed1,17,(square(f) / -0.016545968) - (((dp * 0.5923369) + (f * cosL)) / (0.11447451 + square(dp))),0.185394,17,(-0.06960546 - (((sinL * (f - 0.009521214)) - (cosL * g)) / 0.14653976)) * (0.57903594 - dp),0.114795,200/200
3,SAC_seed0 / PySR seed2,16,((dp * -0.5630888) - ((g * sinL) + (f * cosL))) / (square(dp) + 0.10545666),0.173815,20,((dp * 6.7959075) + -4.0059404) * ((cosL * (square(f) - g)) + ((sinL * (f - 0.00950926)) + 0.010076792)),0.114596,200/200
4,SAC_seed1 / PySR seed0,16,((dp * -0.43513966) - ((g * sinL) + (cosL * f))) / (square(dp) - -0.07108518),0.186529,14,(((cosL + 0.22560796) * g) - (sinL * f)) * square(dp + -2.1548069),0.123547,200/200
5,SAC_seed1 / PySR seed1,16,(((dp * 0.44824556) + (g * sinL)) / (-0.074887015 - square(dp))) - (cosL * f),0.192575,14,((g * (cosL + 0.2254033)) - (sinL * f)) * square(dp - 2.1545694),0.123548,200/200
6,SAC_seed1 / PySR seed2,16,(((sinL * g) + (dp * 0.43606615)) + (f * cosL)) / (-0.07118957 - square(dp)),0.186183,14,square(2.1544096 - dp) * ((g * (cosL + 0.22615674)) - (sinL * f)),0.123549,200/200
7,SAC_seed2 / PySR seed0 (+sqrt),20,(((dp + ((cosL - 1.3176752) * f)) * 0.5092188) - ((-0.43233177 - sinL) * g)) / (-0.102946684 - square(dp)),0.189067,14,(square(dp - 2.3824978) * ((g * cosL) - (f * sinL))) + -0.14191271,0.142704,200/200
8,SAC_seed2 / PySR seed1 (+sqrt),20,(((dp * sqrt(sqrt(square(dp)))) + ((f - dp) - (f * cosL))) - (sinL * g)) * 5.612526,0.201565,24,((0.7073471 - dp) * ((((cosL - square(sinL * -0.7607807)) * g) - ((sinL - f) * f)) / 0.12910166)) + (-0.14269057 - f),0.136318,200/200
9,"SAC_seed2 / PySR seed2 (+sqrt, wide search)",24,((((1.0053068 - sqrt(sqrt(square(dp)))) * ((f - sqrt(square(f))) - dp)) - (f * cosL)) - (g * sinL)) * 5.6082544,0.189692,14,(square(2.3824327 - dp) * ((cosL * g) - (sinL * f))) - 0.141908,0.142705,200/200
10,SAC_seed3 / PySR seed0,16,((cosL * f) + ((dp * 0.5685037) + (g * sinL))) / (-0.105156735 - square(dp)),0.172688,19,(((g - f) * (cosL + 0.33731776)) - ((0.40483794 - dp) * ((sinL * f) / 0.4005426))) * 4.066162,0.154134,200/200
11,SAC_seed3 / PySR seed1,25,((0.08344853 / ((0.09296873 / dp) + dp)) + ((f * cosL) + ((((g / 0.15458134) + 0.21689516) + sinL) * g))) * (dp + -6.37405),0.152062,24,((dp + -3.7873242) * ((f * ((dp + (square(dp - sinL) + cosL)) + sinL)) - ((cosL - -0.33817294) * g))) - 0.029362913,0.149662,200/200
12,SAC_seed3 / PySR seed2,18,(-0.484387 / (0.073070705 + square(dp))) * ((cosL * f) + (dp + ((sinL - -0.484387) * g))),0.173668,24,(((square((g + -1.2283037) - dp) * ((g - f) * (cosL + 0.28719527))) - (f * sinL)) * (0.36595315 - dp)) * 10.908629,0.152383,200/200
13,SAC_seed4 / PySR seed0,16,(((dp * -0.4857037) - (cosL * f)) - (g * sinL)) / (square(dp) + 0.07839055),0.176543,20,(((g * cosL) - (f * sinL)) * square(3.2394736 - square(square(-0.5265577 - (dp + 0.43641585))))) - 0.0900559,0.125246,200/200
14,SAC_seed4 / PySR seed1,22,(dp * (0.50915617 / (-0.08817558 - square(dp)))) - (((f * cosL) + (g * (sinL + (g * 7.288604)))) / 0.117597714),0.174903,23,(((square(dp + 0.70698535) / 0.12431527) + -8.968479) * ((f * (sinL * (square(cosL) + 0.9866128))) - (cosL * g))) + -0.093084775,0.125027,200/200
15,SAC_seed4 / PySR seed2,25,((g * -8.474067) * sinL) - ((((((cosL * f) * 2.1326787) + dp) / (square(dp) + 0.085202955)) / 1.9952112) + square(g * 7.795224)),0.175980,23,(((((sinL * f) - (g * cosL)) * (-0.5338192 + dp)) / 0.16958985) - 0.053477176) * square(1.482812 - square(g / -0.101872675)),0.121937,200/200
